email,subject,message
e-mail@mail.io,dqwf,vsrghashsdahs
,,
jgww@ekoe.com,eeee,dddd
,,
kk@ee.com,ttt,ttt
,,
kk@ee.com,ttt,ttt
,,
kk@ee.com,ttt,ttt
,,
jgww@ekoe.com,eeee,dddd
,,
jgww@ekoe.com,eeee,dddd
,,
jgww@ekoe.com,eeee,dddd
,,
jgww@ekoe.com,eeee,dddd
,,
jgww@ekoe.com,eeee,dddd
,,
jgww@ekoe.com,eeee,dddd
,,
jgww@ekoe.com,eeee,dddd
,,
jgww@ekoe.com,eeee,dddd
,,
jgww@ekoe.com,eeee,dddd
,,
e-mail@mail.io,fpwgjwpjq,knwpkpwjerpg
,,
fw@dfwpg.com,fwewf,fpjpjvpkdsan
,,
dasf@efq.com,fqw,foqife
,,
dasf@efq.com,fqw,foqife
abeveraggi@netcourrier.com,ddd,dzada
